{"0": {"ratios": [[1.0, 2.0, -0.009205426356589164, 0.247314453125, 0.50390625], [1.0, 2.0, 0.0566860465116279, 0.280517578125, 0.50390625], [1.0, 1.0, -0.03536821705426352, 0.486083984375, 0.50390625], [1.0, 2.0, -0.02228682170542634, 0.24072265625, 0.50390625], [1.0, 2.0, -0.013081395348837233, 0.245361328125, 0.50390625], [1.0, 1.0, 0.015988372093023173, 0.511962890625, 0.50390625], [1.0, 1.0, 0.0, 0.50390625, 0.50390625]], "trigseq": [1, 0, 0, 0, 0, 0, 1, 0, 0, 0, 0, 0, 1, 0, 0, 0, 0, 0, 0, 0, 0, 0, 0, 0, 1, 0, 0, 0, 0, 0, 1, 0, 0, 0, 0, 0, 1, 0, 0, 0, 0, 0, 0, 0, 0, 0, 0, 0, 1, 0, 0, 0, 0, 0, 0, 0, 0, 0, 0, 0], "autocorr": [7, 0, 0, 0, 0, 0, 4, 0, 0, 0, 0, 0, 4, 0, 0, 0, 0, 0, 3, 0, 0, 0, 0, 0, 4, 0, 0, 0, 0, 0, 2, 0, 0, 0, 0, 0, 2, 0, 0, 0, 0, 0, 1, 0, 0, 0, 0, 0, 1, 0, 0, 0, 0, 0, 0, 0, 0, 0, 0, 0], "pulsepos": 6}, "1": {"ratios": [[1.0, 4.0, -0.0065489065128575, 0.247314453125, 1.015869140625], [1.0, 4.0, 0.026135544340302796, 0.280517578125, 1.015869140625], [1.0, 2.0, -0.021509252583513605, 0.486083984375, 1.015869140625], [1.0, 4.0, -0.013037731314587853, 0.24072265625, 1.015869140625], [1.0, 4.0, -0.008471521268925752, 0.245361328125, 1.015869140625], [1.0, 2.0, 0.003965392934390799, 0.511962890625, 1.015869140625], [1.0, 2.0, -0.003965392934390799, 0.50390625, 1.015869140625]], "trigseq": [1, 0, 0, 1, 0, 0, 1, 0, 0, 0, 0, 0, 1, 0, 0, 1, 0, 0, 1, 0, 0, 0, 0, 0, 1, 0, 0, 0, 0, 0], "autocorr": [7, 0, 0, 4, 0, 0, 4, 0, 0, 3, 0, 0, 4, 0, 0, 2, 0, 0, 2, 0, 0, 1, 0, 0, 1, 0, 0, 0, 0, 0], "pulsepos": 3}, "2": {"ratios": [[1.0, 1.0, 0.0, 0.247314453125, 0.247314453125], [1.0, 1.0, 0.13425468904244808, 0.280517578125, 0.247314453125], [2.0, 1.0, -0.03455083909180656, 0.486083984375, 0.247314453125], [1.0, 1.0, -0.026653504442250786, 0.24072265625, 0.247314453125], [1.0, 1.0, -0.007897334649555776, 0.245361328125, 0.247314453125], [2.0, 1.0, 0.07008884501480761, 0.511962890625, 0.247314453125], [2.0, 1.0, 0.03751233958539002, 0.50390625, 0.247314453125]], "trigseq": [1, 0, 0, 0, 0, 0, 0, 0, 0, 0, 0, 0, 1, 0, 0, 0, 0, 0, 0, 0, 0, 0, 0, 0, 1, 0, 0, 0, 0, 0, 0, 0, 0, 0, 0, 0, 0, 0, 0, 0, 0, 0, 0, 0, 0, 0, 0, 0, 1, 0, 0, 0, 0, 0, 0, 0, 0, 0, 0, 0, 1, 0, 0, 0, 0, 0, 0, 0, 0, 0, 0, 0, 1, 0, 0, 0, 0, 0, 0, 0, 0, 0, 0, 0, 0, 0, 0, 0, 0, 0, 0, 0, 0, 0, 0, 0, 1, 0, 0, 0, 0, 0, 0, 0, 0, 0, 0, 0, 0, 0, 0, 0, 0, 0, 0, 0, 0, 0, 0, 0], "autocorr": [7, 0, 0, 0, 0, 0, 0, 0, 0, 0, 0, 0, 4, 0, 0, 0, 0, 0, 0, 0, 0, 0, 0, 0, 4, 0, 0, 0, 0, 0, 0, 0, 0, 0, 0, 0, 3, 0, 0, 0, 0, 0, 0, 0, 0, 0, 0, 0, 4, 0, 0, 0, 0, 0, 0, 0, 0, 0, 0, 0, 2, 0, 0, 0, 0, 0, 0, 0, 0, 0, 0, 0, 2, 0, 0, 0, 0, 0, 0, 0, 0, 0, 0, 0, 1, 0, 0, 0, 0, 0, 0, 0, 0, 0, 0, 0, 1, 0, 0, 0, 0, 0, 0, 0, 0, 0, 0, 0, 0, 0, 0, 0, 0, 0, 0, 0, 0, 0, 0, 0], "pulsepos": 12}, "3": {"ratios": [[1.0, 3.0, -0.0067698259187620735, 0.247314453125, 0.75732421875], [1.0, 3.0, 0.037072856221792405, 0.280517578125, 0.75732421875], [2.0, 3.0, -0.024822695035460973, 0.486083984375, 0.75732421875], [1.0, 3.0, -0.015473887814313303, 0.24072265625, 0.75732421875], [1.0, 3.0, -0.009348807221147615, 0.245361328125, 0.75732421875], [2.0, 3.0, 0.009348807221147726, 0.511962890625, 0.75732421875], [2.0, 3.0, -0.0012894906511927706, 0.50390625, 0.75732421875]], "trigseq": [1, 0, 0, 0, 1, 0, 0, 0, 1, 0, 0, 0, 0, 0, 0, 0, 1, 0, 0, 0, 1, 0, 0, 0, 1, 0, 0, 0, 0, 0, 0, 0, 1, 0, 0, 0, 0, 0, 0, 0], "autocorr": [7, 0, 0, 0, 4, 0, 0, 0, 4, 0, 0, 0, 3, 0, 0, 0, 4, 0, 0, 0, 2, 0, 0, 0, 2, 0, 0, 0, 1, 0, 0, 0, 1, 0, 0, 0, 0, 0, 0, 0], "pulsepos": 4}}