{"0": {"ratios": [[1.0, 2.0, -0.009689922480620172, 0.2470703125, 0.50390625], [1.0, 2.0, 0.057170542635658905, 0.28076171875, 0.50390625], [1.0, 1.0, -0.035852713178294526, 0.48583984375, 0.50390625], [1.0, 2.0, -0.02228682170542634, 0.24072265625, 0.50390625], [1.0, 2.0, -0.012596899224806224, 0.24560546875, 0.50390625], [1.0, 1.0, 0.015503875968992276, 0.51171875, 0.50390625], [1.0, 1.0, 0.0, 0.50390625, 0.50390625]], "trigseq": [1, 0, 0, 0, 0, 0, 1, 0, 0, 0, 0, 0, 1, 0, 0, 0, 0, 0, 0, 0, 0, 0, 0, 0, 1, 0, 0, 0, 0, 0, 1, 0, 0, 0, 0, 0, 1, 0, 0, 0, 0, 0, 0, 0, 0, 0, 0, 0, 1, 0, 0, 0, 0, 0, 0, 0, 0, 0, 0, 0], "autocorr": [7, 0, 0, 0, 0, 0, 4, 0, 0, 0, 0, 0, 4, 0, 0, 0, 0, 0, 3, 0, 0, 0, 0, 0, 4, 0, 0, 0, 0, 0, 2, 0, 0, 0, 0, 0, 2, 0, 0, 0, 0, 0, 1, 0, 0, 0, 0, 0, 1, 0, 0, 0, 0, 0, 0, 0, 0, 0, 0, 0], "pulsepos": 6}, "1": {"ratios": [[1.0, 4.0, -0.006730769230769235, 0.2470703125, 1.015625], [1.0, 4.0, 0.02644230769230771, 0.28076171875, 1.015625], [1.0, 2.0, -0.021634615384615363, 0.48583984375, 1.015625], [1.0, 4.0, -0.01298076923076924, 0.24072265625, 1.015625], [1.0, 4.0, -0.008173076923076922, 0.24560546875, 1.015625], [1.0, 2.0, 0.0038461538461538325, 0.51171875, 1.015625], [1.0, 2.0, -0.0038461538461538325, 0.50390625, 1.015625]], "trigseq": [1, 0, 0, 1, 0, 0, 1, 0, 0, 0, 0, 0, 1, 0, 0, 1, 0, 0, 1, 0, 0, 0, 0, 0, 1, 0, 0, 0, 0, 0], "autocorr": [7, 0, 0, 4, 0, 0, 4, 0, 0, 3, 0, 0, 4, 0, 0, 2, 0, 0, 2, 0, 0, 1, 0, 0, 1, 0, 0, 0, 0, 0], "pulsepos": 3}, "2": {"ratios": [[1.0, 1.0, 0.0, 0.2470703125, 0.2470703125], [1.0, 1.0, 0.13636363636363646, 0.28076171875, 0.2470703125], [2.0, 1.0, -0.03359683794466406, 0.48583984375, 0.2470703125], [1.0, 1.0, -0.025691699604743046, 0.24072265625, 0.2470703125], [1.0, 1.0, -0.005928853754940677, 0.24560546875, 0.2470703125], [2.0, 1.0, 0.07114624505928857, 0.51171875, 0.2470703125], [2.0, 1.0, 0.03952569169960496, 0.50390625, 0.2470703125]], "trigseq": [1, 0, 0, 0, 0, 0, 0, 0, 0, 0, 0, 0, 1, 0, 0, 0, 0, 0, 0, 0, 0, 0, 0, 0, 1, 0, 0, 0, 0, 0, 0, 0, 0, 0, 0, 0, 0, 0, 0, 0, 0, 0, 0, 0, 0, 0, 0, 0, 1, 0, 0, 0, 0, 0, 0, 0, 0, 0, 0, 0, 1, 0, 0, 0, 0, 0, 0, 0, 0, 0, 0, 0, 1, 0, 0, 0, 0, 0, 0, 0, 0, 0, 0, 0, 0, 0, 0, 0, 0, 0, 0, 0, 0, 0, 0, 0, 1, 0, 0, 0, 0, 0, 0, 0, 0, 0, 0, 0, 0, 0, 0, 0, 0, 0, 0, 0, 0, 0, 0, 0], "autocorr": [7, 0, 0, 0, 0, 0, 0, 0, 0, 0, 0, 0, 4, 0, 0, 0, 0, 0, 0, 0, 0, 0, 0, 0, 4, 0, 0, 0, 0, 0, 0, 0, 0, 0, 0, 0, 3, 0, 0, 0, 0, 0, 0, 0, 0, 0, 0, 0, 4, 0, 0, 0, 0, 0, 0, 0, 0, 0, 0, 0, 2, 0, 0, 0, 0, 0, 0, 0, 0, 0, 0, 0, 2, 0, 0, 0, 0, 0, 0, 0, 0, 0, 0, 0, 1, 0, 0, 0, 0, 0, 0, 0, 0, 0, 0, 0, 1, 0, 0, 0, 0, 0, 0, 0, 0, 0, 0, 0, 0, 0, 0, 0, 0, 0, 0, 0, 0, 0, 0, 0], "pulsepos": 12}, "3": {"ratios": [[1.0, 3.0, -0.007092198581560238, 0.2470703125, 0.75732421875], [1.0, 3.0, 0.037395228884590626, 0.28076171875, 0.75732421875], [2.0, 3.0, -0.025145067698259194, 0.48583984375, 0.75732421875], [1.0, 3.0, -0.015473887814313303, 0.24072265625, 0.75732421875], [1.0, 3.0, -0.00902643455834945, 0.24560546875, 0.75732421875], [2.0, 3.0, 0.009026434558349505, 0.51171875, 0.75732421875], [2.0, 3.0, -0.0012894906511927706, 0.50390625, 0.75732421875]], "trigseq": [1, 0, 0, 0, 1, 0, 0, 0, 1, 0, 0, 0, 0, 0, 0, 0, 1, 0, 0, 0, 1, 0, 0, 0, 1, 0, 0, 0, 0, 0, 0, 0, 1, 0, 0, 0, 0, 0, 0, 0], "autocorr": [7, 0, 0, 0, 4, 0, 0, 0, 4, 0, 0, 0, 3, 0, 0, 0, 4, 0, 0, 0, 2, 0, 0, 0, 2, 0, 0, 0, 1, 0, 0, 0, 1, 0, 0, 0, 0, 0, 0, 0], "pulsepos": 4}}