{"0": {"ratios": [[1.0, 2.0, -0.01692894611349549, 0.247314453125, 0.511962890625], [1.0, 2.0, 0.048402479732951864, 0.28076171875, 0.511962890625], [1.0, 1.0, -0.05078683834048636, 0.4859619140625, 0.511962890625], [1.0, 2.0, -0.03004291845493562, 0.2406005859375, 0.511962890625], [1.0, 2.0, -0.0207439198855508, 0.245361328125, 0.511962890625], [1.0, 1.0, 0.0, 0.511962890625, 0.511962890625]], "trigseq": [1, 0, 0, 0, 0, 0, 1, 0, 0, 0, 0, 0, 1, 0, 0, 0, 0, 0, 0, 0, 0, 0, 0, 0, 1, 0, 0, 0, 0, 0, 1, 0, 0, 0, 0, 0, 1, 0, 0, 0, 0, 0, 0, 0, 0, 0, 0, 0], "autocorr": [6, 0, 0, 0, 0, 0, 4, 0, 0, 0, 0, 0, 3, 0, 0, 0, 0, 0, 2, 0, 0, 0, 0, 0, 3, 0, 0, 0, 0, 0, 2, 0, 0, 0, 0, 0, 1, 0, 0, 0, 0, 0, 0, 0, 0, 0, 0, 0], "pulsepos": 6}, "1": {"ratios": [[1.0, 1.0, 0.0, 0.247314453125, 0.247314453125], [1.0, 1.0, 0.13524185587364257, 0.28076171875, 0.247314453125], [2.0, 1.0, -0.035044422507403805, 0.4859619140625, 0.247314453125], [1.0, 1.0, -0.02714708785784803, 0.2406005859375, 0.247314453125], [1.0, 1.0, -0.007897334649555776, 0.245361328125, 0.247314453125], [2.0, 1.0, 0.07008884501480761, 0.511962890625, 0.247314453125]], "trigseq": [1, 0, 0, 0, 0, 0, 0, 0, 0, 0, 0, 0, 1, 0, 0, 0, 0, 0, 0, 0, 0, 0, 0, 0, 1, 0, 0, 0, 0, 0, 0, 0, 0, 0, 0, 0, 0, 0, 0, 0, 0, 0, 0, 0, 0, 0, 0, 0, 1, 0, 0, 0, 0, 0, 0, 0, 0, 0, 0, 0, 1, 0, 0, 0, 0, 0, 0, 0, 0, 0, 0, 0, 1, 0, 0, 0, 0, 0, 0, 0, 0, 0, 0, 0, 0, 0, 0, 0, 0, 0, 0, 0, 0, 0, 0, 0], "autocorr": [6, 0, 0, 0, 0, 0, 4, 0, 0, 0, 0, 0, 3, 0, 0, 0, 0, 0, 2, 0, 0, 0, 0, 0, 3, 0, 0, 0, 0, 0, 2, 0, 0, 0, 0, 0, 1, 0, 0, 0, 0, 0, 0, 0, 0, 0, 0, 0], "pulsepos": 6}, "2": {"ratios": [[1.0, 3.0, -0.0067698259187620735, 0.247314453125, 0.75732421875], [1.0, 3.0, 0.037395228884590626, 0.28076171875, 0.75732421875], [2.0, 3.0, -0.024983881366860028, 0.4859619140625, 0.75732421875], [1.0, 3.0, -0.015635074145712413, 0.2406005859375, 0.75732421875], [1.0, 3.0, -0.009348807221147615, 0.245361328125, 0.75732421875], [2.0, 3.0, 0.009348807221147726, 0.511962890625, 0.75732421875]], "trigseq": [1, 0, 0, 0, 1, 0, 0, 0, 1, 0, 0, 0, 0, 0, 0, 0, 1, 0, 0, 0, 1, 0, 0, 0, 1, 0, 0, 0, 0, 0, 0, 0], "autocorr": [6, 0, 0, 0, 0, 0, 4, 0, 0, 0, 0, 0, 3, 0, 0, 0, 0, 0, 2, 0, 0, 0, 0, 0, 3, 0, 0, 0, 0, 0, 2, 0, 0, 0, 0, 0, 1, 0, 0, 0, 0, 0, 0, 0, 0, 0, 0, 0], "pulsepos": 6}, "3": {"ratios": [[1.0, 2.0, -0.17343649258542876, 0.247314453125, 0.75732421875], [1.0, 2.0, -0.12927143778207606, 0.28076171875, 0.75732421875], [1.0, 2.0, 0.1416827852998066, 0.4859619140625, 0.75732421875], [1.0, 2.0, -0.1823017408123791, 0.2406005859375, 0.75732421875], [1.0, 2.0, -0.1760154738878143, 0.245361328125, 0.75732421875], [1.0, 2.0, 0.17601547388781436, 0.511962890625, 0.75732421875]], "trigseq": [1, 0, 0, 0, 0, 0, 1, 0, 0, 0, 0, 0, 1, 0, 0, 0, 0, 0, 1, 0, 0, 0, 0, 0, 1, 0, 0, 0, 0, 0, 1, 0, 0, 0, 0, 0], "autocorr": [6, 0, 0, 0, 0, 0, 4, 0, 0, 0, 0, 0, 3, 0, 0, 0, 0, 0, 2, 0, 0, 0, 0, 0, 3, 0, 0, 0, 0, 0, 2, 0, 0, 0, 0, 0, 1, 0, 0, 0, 0, 0, 0, 0, 0, 0, 0, 0], "pulsepos": 6}}